Top queries,Clicks,Impressions,CTR,Position
st joan of arc school,13,29,44.83%,3.1
st joan of arc parish school,4,17,23.53%,5.88
st joan of arc,3,26,11.54%,2.92
st. joan of arc school,3,6,50%,18.5
st joan of arc parish,1,21,4.76%,3.05
st. joan of arc,1,20,5%,1.45
st. joan of arc parish school,1,2,50%,1
saint joan of arc school calendar,1,2,50%,3.5
st joan of arc nashotah,0,52,0%,2.79
st catherine of alexandria church,0,12,0%,2.58
sjoa,0,12,0%,3.67
st catherine,0,7,0%,10
st joan of arc term dates,0,7,0%,33.86
sjoa school,0,5,0%,9
st. joan of arc parish,0,4,0%,1.5
saint joan of arc,0,4,0%,5.25
joan of arc church,0,3,0%,2.67
st catherine church,0,3,0%,9.67
st joan of arc church,0,2,0%,1.5
sja school,0,2,0%,2.5
st joan of arc parish bulletin,0,2,0%,2.5
st catherine's of alexandria,0,2,0%,4
sja school calendar,0,2,0%,5
st joan of arc athletics,0,2,0%,5.5
st catherine catholic church,0,2,0%,7
saint joan of arc school,0,2,0%,12
saint joan of arc chs,0,2,0%,13.5
st joan of arc evanston,0,2,0%,34.5
st joan of arc chicopee,0,2,0%,58.5
jcluster,0,2,0%,76.5
catholic church near me,0,1,0%,1
joan of arc catholic school,0,1,0%,1
joan of arc high school,0,1,0%,1
private catholic schools near me,0,1,0%,1
scc school,0,1,0%,1
st catherine of alexandria catholic church oconomowoc mass times,0,1,0%,1
st catherines oconomowoc,0,1,0%,1
st joan of arc catholic,0,1,0%,1
st joan of arc daycare,0,1,0%,1
st joan of arc middle school,0,1,0%,1
st joan of arc.,0,1,0%,1
saint joan of arc parish,0,1,0%,2
sjoa mass times,0,1,0%,2
st catherine's of alexandria church,0,1,0%,2
st joan arc catholic school,0,1,0%,2
st joan of arc oconomowoc,0,1,0%,2
st. catherine's of alexandria,0,1,0%,2
st.joan of arc church,0,1,0%,2
st catherine of alexandria church bulletin,0,1,0%,3
st joan od arc,0,1,0%,3
st joan of arc school boca raton,0,1,0%,4
saint joan of arc catholic school,0,1,0%,5
st joan of arc school calendar,0,1,0%,5
st joan of arc school jobs,0,1,0%,5
st joan of arc calendar,0,1,0%,6
st joan of arc staff,0,1,0%,6
st joans,0,1,0%,6
joan of arc mass,0,1,0%,7
st joan of arc catholic school calendar,0,1,0%,7
st. joan of arc catholic school,0,1,0%,7
st catherine alexandria church,0,1,0%,8
st joan of arc school tuition,0,1,0%,8
st joan of arc school calendar 2025-2026,0,1,0%,9
st joan of arc basketball,0,1,0%,10
church of st catherine,0,1,0%,11
st catherine of alexandria catholic church,0,1,0%,11
st catherine of alexandria catholic church oak lawn mass times,0,1,0%,11
st joan of arc catholic school tuition,0,1,0%,11
st joan of arc principal,0,1,0%,11
saint catherine roman catholic church,0,1,0%,13
st joan of arc catholic school,0,1,0%,33
st joan of arc evanston il,0,1,0%,35
saint joan of arc high school,0,1,0%,37
arc uniform,0,1,0%,39
st joan of arc chicopee ma,0,1,0%,40
st joan of arc high school,0,1,0%,50
st joan of arc catholic secondary school,0,1,0%,52
st joan of arc milwaukee,0,1,0%,78